#,Date,New Column,Own Goal #,Own Goal Scorer,Opponent,Minute,Score,Result,Competition,Venue,Stadium
144,2025-09-13,2025/2026,1,Gabriel Gudmundsson,Fulham,90+4,1 - 0,🔴 Lost,Premier League,A,"Craven Cottage, London"
143,2025-05-03,2024/2025,1,Sam Byram,Plymouth Argyle,18,1 - 2,🟢 Won,Championship,A,"Home Park, Plymouth"
142,2025-02-24,2024/2025,2,Illan Meslier,Sheffield United,14,1 - 3,🟢 Won,Championship,A,"Bramall Lane, Sheffield"
141,2024-12-10,2024/2025,1,Max Wöber,Middlesbrough,54,3 - 1,🟢 Won,Championship,H,"Elland Road, Leeds"
140,2024-10-04,2024/2025,2,Junior Firpo,Sunderland,90+7,2 - 2,🟠 Draw,Championship,A,"Stadium of Light, Sunderland"
139,2023-10-25,2023/2024,1,Pascal Struijk,Stoke City,80,1 - 0,🔴 Lost,Championship,A,"Bet365 Stadium, Stoke"
138,2023-08-26,2023/2024,1,Joe Rodon,Ipswich Town,7,3 - 4,🟢 Won,Championship,A,"Portman Road, Ipswich"
137,2022-10-20,2022/2023,1,Robin Koch,Leicester City,16,2 - 0,🔴 Lost,Premier League,A,"King Power Stadium, Leicester"
136,2021-09-25,2021/2022,1,Junior Firpo,West Ham United,67,1 - 2,🔴 Lost,Premier League,H,"Elland Road, Leeds"
135,2021-02-19,2020/2021,1,Illan Meslier,Wolves,64,1 - 0,🔴 Lost,Premier League,A,"Molineux Stadium, Wolverhampton"
134,2020-11-07,2020/2021,1,Helder Costa,Crystal Palace,42,4 - 1,🔴 Lost,Premier League,A,"Selhurst Park, London"
133,2020-02-01,2019/2020,1,Pablo Hernandez,Wigan Athletic,59,0 - 1,🔴 Lost,Championship,H,"Elland Road, Leeds"
132,2018-04-21,2017/2018,1,Paudie O'Connor,Barnsley,36,2 - 1,🟢 Won,Championship,H,"Elland Road, Leeds"
131,2018-03-10,2017/2018,1,Eunan O'Kane,Reading,58,2 - 2,🟠 Draw,Championship,A,"Madejski Stadium, Berkshire"
130,2018-01-07,2017/2018,1,Conor Shaughnessy,Newport County,76,2 - 1,🔴 Lost,FA Cup,A,"Rodney Parade, Newport"
129,2016-10-01,2016/2017,1,Charlie Taylor,Barnsley,70,2 - 1,🟢 Won,Championship,H,"Elland Road, Leeds"
128,2016-02-29,2015/2016,2,Liam Cooper,Brighton & Hove Albion,22,4 - 0,🔴 Lost,Championship,A,"Falmer Stadium, Brighton"
127,2016-02-20,2015/2016,1,Scott Wootton,Watford,53,1 - 0,🔴 Lost,FA Cup,A,"Vicarage Road, Watford"
126,2015-09-27,2015/2016,1,Giuseppe Bellusci,Middlesbrough,32,3 - 0,🔴 Lost,Championship,A,"Riverside Stadium, Middlesbrough"
125,2014-12-30,2014/2015,1,Alex Mowatt,Derby County,41,2 - 0,🔴 Lost,Championship,A,"Pride Park, Derby"
124,2014-12-26,2014/2015,1,Liam Cooper,Wigan Athletic,11,0 - 2,🔴 Lost,Championship,H,"Elland Road, Leeds"
123,2014-03-15,2013/2014,1,Jason Pearce,Burnley,38,2 - 1,🔴 Lost,Championship,A,"Turf Moor, Burnley"
122,2013-10-26,2013/2014,2,Tom Lees,Huddersfield Town,63,3 - 2,🔴 Lost,Championship,A,"McAlpine Stadium, Huddersfield"
121,2013-02-09,2012/2013,1,Lee Peltier,Wolves,57,2 - 2,🟠 Draw,Championship,A,"Molineux Stadium, Wolverhampton"
120,2012-12-26,2012/2013,2,Rodolph Austin,Nottingham Forest,57,4 - 2,🔴 Lost,Championship,A,"City Ground, Nottingham"
119,2012-09-29,2012/2013,1,Rodolph Austin,Bristol City,90,2 - 3,🟢 Won,Championship,A,"Ashton Gate Stadium, Bristol"
118,2011-08-21,2011/2012,1,Patrick Kisnorbo,West Ham United,62,2 - 2,🟠 Draw,Championship,A,"Upton Park, London"
117,2011-08-16,2011/2012,1,Tom Lees,Hull City,21,4 - 1,🟢 Won,Championship,H,"Elland Road, Leeds"
116,2011-03-19,2010/2011,1,Eric Lichaj,Sheffield United,55,2 - 0,🔴 Lost,Championship,A,"Bramall Lane, Sheffield"
115,2010-12-28,2010/2011,2,Andy O’Brien,Portsmouth,90+3,3 - 3,🟠 Draw,Championship,H,"Elland Road, Leeds"
114,2010-12-28,2010/2011,1,Andy O’Brien,Portsmouth,63,3 - 3,🟠 Draw,Championship,H,"Elland Road, Leeds"
113,2010-11-09,2010/2011,1,Bradley Johnson,Hull City,82,2 - 2,🟠 Draw,Championship,H,"Elland Road, Leeds"
112,2010-09-14,2010/2011,1,Neill Collins,Barnsley,82,5 - 2,🔴 Lost,Championship,A,"Oakwell, Barnsley"
111,2010-08-21,2010/2011,3,Richard Naylor,Millwall,15,3 - 1,🟢 Won,Championship,H,"Elland Road, Leeds"
110,2010-05-01,2009/2010,2,Richard Naylor,Charlton Athletic,88,1 - 0,🔴 Lost,League One,A,"The Valley, London"
109,2010-04-17,2009/2010,1,Richard Naylor,Gillingham,33,3 - 2,🔴 Lost,League One,A,"Priestfield Stadium, Gillingham"
108,2009-04-18,2008/2009,1,Sam Sodje,Tranmere Rovers,27,3 - 1,🟢 Won,League One,H,"Elland Road, Leeds"
107,2008-01-01,2007/2008,1,Andrew Hughes,Oldham Athletic,41,1 - 3,🔴 Lost,League One,H,"Elland Road, Leeds"
106,2006-12-30,2006/2007,1,Ugo Ehiogu,Stoke City,54,3 - 1,🔴 Lost,Championship,A,"Britannia Stadium, Stoke"
105,2006-09-23,2006/2007,1,Tony Warner,Birmingham City,13,3 - 2,🟢 Won,Championship,H,"Elland Road, Leeds"
104,2006-05-21,2005/2006,1,Neil Sullivan,Watford,57,0 - 3,🔴 Lost,Play-Off,N,"Millenium Stadium, Cardiff"
103,2006-04-18,2005/2006,1,Eirik Bakke,Sheffield United,10,1 - 1,🟠 Draw,Championship,A,"Bramall Lane, Sheffield"
102,2005-11-01,2005/2006,1,Paul Butler,Crewe Alexandra,8,1 - 0,🔴 Lost,Championship,A,"Alexandra Stadium, Crewe"
101,2005-09-28,2005/2006,2,Sean Gregan,Derby County,74,3 - 1,🟢 Won,Championship,H,"Elland Road, Leeds"
100,2005-09-10,2005/2006,1,Sean Gregan,Brighton & Hove Albion,83,3 - 3,🟠 Draw,Championship,H,"Elland Road, Leeds"
99,2004-12-04,2004/2005,3,Gary Kelly,Leicester City,78,0 - 2,🔴 Lost,Championship,H,"Elland Road, Leeds"
98,2004-10-23,2004/2005,1,Clarke Carlisle,Brighton & Hove Albion,58,1 - 0,🔴 Lost,Championship,A,"Withdean Stadium, Brighton"
97,2004-05-02,2003/2004,1,Ian Harte,Bolton Wanderers,55,4 - 1,🔴 Lost,Premier League,A,"Reebok Stadium, Bolton"
96,2003-12-28,2003/2004,1,Alan Smith,Wolves,18,3 - 1,🔴 Lost,Premier League,A,"Molineux Stadium, Wolverhampton"
95,2003-03-05,2002/2003,2,Lucas Radebe,Manchester United,20,2 - 1,🔴 Lost,Premier League,A,"Old Trafford, Manchester"
94,2003-01-28,2002/2003,1,Dominic Matteo,Chelsea,83,3 - 2,🔴 Lost,Premier League,A,"Stamford Bridge, London"
93,2002-02-03,2001/2002,2,Rio Ferdinand,Liverpool,16,0 - 4,🔴 Lost,Premier League,H,"Elland Road, Leeds"
92,2002-01-12,2001/2002,1,Michael Duberry,Newcastle United,44,3 - 1,🔴 Lost,Premier League,A,"St James' Park, Newcastle"
91,2001-05-19,2000/2001,1,Rio Ferdinand,Leicester City,32,3 - 1,🟢 Won,Premier League,H,"Elland Road, Leeds"
90,2000-10-21,2000/2001,1,Matthew Jones,Manchester United,83,3 - 0,🔴 Lost,Premier League,A,"Old Trafford, Manchester"
89,1999-08-23,1999/2000,1,Lucas Radebe,Liverpool,55,1 - 2,🔴 Lost,Premier League,H,"Elland Road, Leeds"
88,1996-09-07,1996/1997,1,Nigel Martyn,Manchester United,3,0 - 4,🔴 Lost,Premier League,H,"Elland Road, Leeds"
87,1995-12-30,1995/1996,2,David Wetherall,Everton,6,2 - 0,🔴 Lost,Premier League,A,"Goodison Park, Liverpool"
86,1995-11-29,1995/1996,2,Gary Kelly,Blackburn Rovers,51,2 - 1,🟢 Won,League Cup,H,"Elland Road, Leeds"
85,1995-10-31,1995/1996,1,John Pemberton,PSV Eindhoven,43,3 - 0,🔴 Lost,UEFA Cup,A,"Philips Stadion, Eindhoven"
84,1995-01-28,1994/1995,1,Carlton Palmer,Oldham Athletic,70,3 - 2,🟢 Won,FA Cup,H,"Elland Road, Leeds"
83,1995-01-17,1994/1995,1,David Wetherall,Walsall,69,5 - 2,🟢 Won,FA Cup,H,"Elland Road, Leeds"
82,1993-09-18,1993/1994,1,Gary Kelly,Sheffield United,25,2 - 1,🟢 Won,Premier League,H,"Elland Road, Leeds"
81,1993-08-24,1993/1994,1,Jon Newsome,Arsenal,1,2 - 1,🔴 Lost,Premier League,A,"Highbury, London"
80,1992-10-31,1992/1993,1,Gary McAllister,Coventry City,12,2 - 2,🟠 Draw,Premier League,H,"Elland Road, Leeds"
79,1992-10-21,1992/1993,1,John Lukic,Rangers,21,2 - 1,🔴 Lost,Champions League,A,"Ibrox Stadium, Glasgow"
78,1992-08-08,1992/1993,1,Gordon Strachan,Liverpool,89,4 - 3,🟢 Won,FA Charity Shield,N,"Wembley Stadium, London"
77,1992-04-26,1991/1992,2,Lee Chapman,Sheffield United,70,2 - 3,🟢 Won,Division One,A,"Bramall Lane, Sheffield"
76,1990-03-17,1989/1990,1,Lee Chapman,West Ham United,68,3 - 2,🟢 Won,Division Two,H,"Elland Road, Leeds"
75,1989-09-09,1989/1990,1,Chris Fairclough,Ipswich Town,78,1 - 1,🟠 Draw,Division Two,H,"Elland Road, Leeds"
74,1989-03-01,1988/1989,1,Mervyn Day,Bradford City,5,3 - 3,🟠 Draw,Division Two,H,"Elland Road, Leeds"
73,1988-09-03,1988/1989,1,Bob Taylor,Portsmouth,30,4 - 0,🔴 Lost,Division Two,A,"Fratton Park, Portsmouth"
72,1987-11-28,1987/1988,2,Jack Ashurst,Crystal Palace,57,3 - 0,🔴 Lost,Division Two,A,"Selhurst Park, London"
71,1987-10-10,1987/1988,2,David Rennie,Aston Villa,26,1 - 3,🔴 Lost,Division Two,H,"Elland Road, Leeds"
70,1987-04-22,1986/1987,1,Jack Ashurst,Reading,4,2 - 1,🔴 Lost,Division Two,A,"Elm Park, Berkshire"
69,1987-02-21,1986/1987,1,David Rennie,Queens Park Rangers,64,2 - 1,🟢 Won,FA Cup,H,"Elland Road, Leeds"
68,1987-02-14,1986/1987,1,John Sheridan,Barnsley,76,2 - 2,🟠 Draw,Division Two,H,"Elland Road, Leeds"
67,1986-05-03,1985/1986,1,Brendon Ormsby,Norwich City,33,4 - 0,🔴 Lost,Division Two,A,"Carrow Road, Norwich"
66,1985-12-28,1985/1986,1,Ian Snodin,Brighton & Hove Albion,51,2 - 3,🔴 Lost,Division Two,H,"Elland Road, Leeds"
65,1985-11-09,1985/1986,1,Ian Baird,Millwall,65,3 - 1,🔴 Lost,Division Two,A,"The Den, London"
64,1984-03-28,1983/1984,1,Denis Irwin,Newcastle United,25,1 - 0,🔴 Lost,Division Two,A,"St James' Park, Newcastle"
63,1983-04-27,1982/1983,5,Paul Hart,Sheffield Wednesday,30,1 - 2,🔴 Lost,Division Two,H,"Elland Road, Leeds"
62,1983-04-23,1982/1983,4,Paul Hart,Queens Park Rangers,8,1 - 0,🔴 Lost,Division Two,A,"Loftus Road, London"
61,1983-02-19,1982/1983,1,Eddie Gray,Chelsea,89,3 - 3,🟠 Draw,Division Two,H,"Elland Road, Leeds"
60,1982-05-08,1981/1982,1,Kenny Burns,Tottenham Hotspur,13,2 - 1,🔴 Lost,Division One,A,"White Hart Lane, London"
59,1981-10-10,1981/1982,2,Trevor Cherry,Liverpool,26,3 - 0,🔴 Lost,Division One,A,"Anfield, Liverpool"
58,1979-11-13,1979/1980,3,Paul Hart,Everton,83,5 - 1,🔴 Lost,Division One,A,"Goodison Park, Liverpool"
57,1979-05-15,1978/1979,1,John Hawley,Nottingham Forest,85,1 - 2,🔴 Lost,Division One,H,"Elland Road, Leeds"
56,1978-04-22,1977/1978,2,Paul Hart,Arsenal,26,1 - 3,🔴 Lost,Division One,H,"Elland Road, Leeds"
55,1978-04-01,1977/1978,1,Paul Hart,Norwich City,81,3 - 0,🔴 Lost,Division One,A,"Carrow Road, Norwich"
54,1977-03-12,1976/1977,1,Trevor Cherry,Manchester United,12,1 - 0,🔴 Lost,Division One,A,"Old Trafford, Manchester"
53,1975-08-20,1975/1976,4,Paul Madeley,Norwich City,50,1 - 1,🟠 Draw,Division One,A,"Carrow Road, Norwich"
52,1972-11-04,1972/1973,3,Paul Madeley,Ipswich Town,17,2 - 2,🟠 Draw,Division One,A,"Portman Road, Ipswich"
51,1972-04-01,1971/1972,3,Norman Hunter,Derby County,16,2 - 0,🔴 Lost,Division One,A,"Baseball Ground, Derby"
50,1971-09-01,1971/1972,2,Norman Hunter,Newcastle United,75,5 - 1,🟢 Won,Division One,N,"Hillsborough, Sheffield"
49,1970-04-04,1969/1970,1,John Faulkner,Burnley,25,2 - 1,🟢 Won,Division One,H,"Elland Road, Leeds"
48,1970-03-28,1969/1970,4,Jack Charlton,Southampton,71,1 - 3,🔴 Lost,Division One,H,"Elland Road, Leeds"
47,1970-02-14,1969/1970,1,Terry Cooper,Tottenham Hotspur,43,1 - 1,🟠 Draw,Division One,A,"White Hart Lane, London"
46,1970-01-17,1969/1970,2,Paul Madeley,Coventry City,64,3 - 1,🟢 Won,Division One,H,"Elland Road, Leeds"
45,1968-08-10,1968/1969,3,Jack Charlton,Southampton,1,1 - 3,🟢 Won,Division One,A,"The Dell, Southampton"
44,1968-05-07,1967/1968,1,Paul Madeley,Arsenal,4,4 - 3,🔴 Lost,Division One,A,"Highbury, London"
43,1967-12-09,1967/1968,1,Gary Sprake,Liverpool,44,2 - 0,🔴 Lost,Division One,A,"Anfield, Liverpool"
42,1965-09-11,1965/1966,1,Paul Reaney,Sheffield United,17,2 - 2,🟠 Draw,Division One,H,"Elland Road, Leeds"
41,1965-04-19,1964/1965,1,Norman Hunter,Sheffield Wednesday,(2nd Half),3 - 0,🔴 Lost,Division One,A,"Hillsborough, Sheffield"
40,1964-09-23,1964/1965,3,Willie Bell,Huddersfield Town,49,3 - 2,🟢 Won,League Cup,H,"Elland Road, Leeds"
39,1962-09-29,1962/1963,1,Cliff Mason,Southampton,12,1 - 1,🟠 Draw,Division Two,H,"Elland Road, Leeds"
38,1962-03-17,1961/1962,1,Freddie Goodwin,Southampton,27,4 - 1,🔴 Lost,Division Two,A,"The Dell, Southampton"
37,1962-01-10,1961/1962,2,Willie Bell,Derby County,69,3 - 1,🔴 Lost,FA Cup,A,"Baseball Ground, Derby"
36,1961-12-02,1961/1962,1,Willie Bell,Derby County,42,3 - 3,🟠 Draw,Division Two,A,"Baseball Ground, Derby"
35,1960-09-10,1960/1961,2,Jack Charlton,Huddersfield Town,70,1 - 4,🔴 Lost,Division Two,H,"Elland Road, Leeds"
34,1960-03-19,1959/1960,3,Archie Gibson,Manchester City,17,4 - 3,🟢 Won,Division One,H,"Elland Road, Leeds"
33,1960-03-09,1959/1960,1,Peter McConnell,Birmingham City,79,3 - 3,🟠 Draw,Division One,H,"Elland Road, Leeds"
32,1960-01-23,1959/1960,2,Jimmy Ashall,Chelsea,8,1 - 3,🟢 Won,Division One,A,"Stamford Bridge, London"
31,1959-09-16,1959/1960,1,Wilbur Cush,Manchester United,67,2 - 2,🟠 Draw,Division One,H,"Elland Road, Leeds"
30,1958-12-26,1958/1959,2,Archie Gibson,West Bromwich Albion,36,1 - 2,🟢 Won,Division One,A,"The Hawthorns, West Bromwich"
29,1958-12-20,1958/1959,1,Archie Gibson,Bolton Wanderers,37,3 - 4,🔴 Lost,Division One,H,"Elland Road, Leeds"
28,1958-10-11,1958/1959,1,Jimmy Ashall,Portsmouth,86,2 - 0,🔴 Lost,Division One,A,"Fratton Park, Portsmouth"
27,1958-09-20,1958/1959,1,George O’Brien,Everton,88,3 - 2,🔴 Lost,Division One,A,"Goodison Park, Liverpool"
26,1958-03-12,1957/1958,1,Jack Charlton,West Bromwich Albion,27,1 - 0,🔴 Lost,Division One,A,"The Hawthorns, West Bromwich"
25,1957-01-12,1956/1957,4,Jimmy Dunn,Bolton Wanderers,44,5 - 3,🔴 Lost,Division One,A,"Burnden Park, Bolton"
24,1956-04-14,1955/1956,1,Roy Wood,Doncaster Rovers,75,1 - 2,🟢 Won,Division Two,A,"Belle Vue, Doncaster"
23,1955-01-12,1954/1955,3,Jimmy Dunn,Torquay United,59,4 - 0,🔴 Lost,FA Cup,A,"Plainmoor, Devon"
22,1953-02-28,1952/1953,2,Jimmy Dunn,Sheffield United,88,0 - 3,🔴 Lost,Division Two,H,"Elland Road, Leeds"
21,1952-12-26,1952/1953,1,Jim McCabe,Luton Town,7,2 - 0,🔴 Lost,Division Two,A,"Kenilworth Road, Luton"
20,1950-10-14,1950/1951,1,Eric Kerfoot,Preston North End,43,2 - 0,🔴 Lost,Division Two,A,"Deepdale, Preston"
19,1949-12-10,1949/1950,1,Jimmy Dunn,Bury,14,2 - 0,🔴 Lost,Division Two,A,"Gigg Lane, Bury"
18,1939-04-29,1938/1939,1,George Scaife,Birmingham City,15,4 - 0,🔴 Lost,Division One,A,"St Andrew's, Birmingham"
17,1938-03-19,1937/1938,2,Tom Holley,Blackpool,11,5 - 2,🔴 Lost,Division One,A,"Bloomfield Road, Blackpool"
16,1937-03-06,1936/1937,1,Tom Holley,Brentford,33,4 - 1,🔴 Lost,Division One,A,"Griffin Park, London"
15,1936-12-19,1936/1937,1,John McDougall,Sunderland,61,2 - 1,🔴 Lost,Division One,A,"Roker Park, Sunderland"
14,1936-09-05,1936/1937,5,Jack Milburn,Stoke City,47,2 - 1,🔴 Lost,Division One,A,"Victoria Ground, Stoke-on-Trent"
13,1935-09-07,1935/1936,1,Willis Edwards,Blackburn Rovers,43,1 - 4,🔴 Lost,Division One,H,"Elland Road, Leeds"
12,1934-12-08,1934/1935,4,Jack Milburn,Aston Villa,42,1 - 1,🟠 Draw,Division One,A,"Villa Park, Birmingham"
11,1931-12-26,1931/1932,1,George Milburn,Bradford Park Avenue,46,3 - 2,🟢 Won,Division Two,H,"Elland Road, Leeds"
10,1931-08-31,1931/1932,3,Jack Milburn,Port Vale,85,1 - 2,🟢 Won,Division Two,A,"Vale Park, Stoke-on-Trent"
9,1931-04-06,1930/1931,2,Jack Milburn,Sheffield United,38,1 - 1,🟠 Draw,Division One,A,"Bramall Lane, Sheffield"
8,1931-03-14,1930/1931,1,Bill Menzies,Sheffield Wednesday,26,2 - 1,🔴 Lost,Division One,A,"Hillsborough, Sheffield"
7,1929-11-16,1929/1930,1,Jack Milburn,West Ham United,87,1 - 3,🔴 Lost,Division One,H,"Elland Road, Leeds"
6,1929-11-09,1929/1930,1,Harry Roberts,Sheffield United,25,3 - 2,🔴 Lost,Division One,A,"Bramall Lane, Sheffield"
5,1926-10-09,1926/1927,1,David Robinson,Blackburn Rovers,90,4 - 1,🟢 Won,Division One,H,"Elland Road, Leeds"
4,1926-04-10,1925/1926,1,Ernie Hart,West Bromwich Albion,30,3 - 0,🔴 Lost,Division One,A,"The Hawthorns, West Bromwich"
3,1926-02-06,1925/1926,1,Bill Johnson,Arsenal,65,4 - 2,🟢 Won,Division One,H,"Elland Road, Leeds"
2,1923-09-29,1923/1924,1,Bert Duffield,Hull City,48,5 - 2,🟢 Won,Division Two,H,"Elland Road, Leeds"
1,1922-03-18,1921/1922,1,Jim Baker,Coventry City,44,1 - 0,🔴 Lost,Division Two,A,"Highfield Road, Coventry"
